<?xml version="1.0" encoding="UTF-8" ?>
<!DOCTYPE mapper
PUBLIC "-//mybatis.org//DTD Mapper 3.0//EN"
"http://mybatis.org/dtd/mybatis-3-mapper.dtd">
<mapper namespace="com.ruoyi.system.mapper.RecNotesConMapper">
    
    <resultMap type="RecNotesCon" id="RecNotesConResult">
        <result property="notesId"    column="notes_id"    />
        <result property="createBy"    column="create_by"    />
        <result property="createTime"    column="create_time"    />
        <result property="updateBy"    column="update_by"    />
        <result property="updateTime"    column="update_time"    />
        <result property="deptId"    column="dept_id"    />
    </resultMap>

    <sql id="selectRecNotesConVo">
        select notes_id, create_by, create_time, update_by, update_time, dept_id from rec_notes_con
    </sql>

    <select id="selectRecNotesConList" parameterType="RecNotesCon" resultMap="RecNotesConResult">
        <include refid="selectRecNotesConVo"/>
        <where>  
            <if test="deptId != null "> and dept_id = #{deptId}</if>
        </where>
    </select>
    
    <select id="selectRecNotesConByNotesId" parameterType="Long" resultMap="RecNotesConResult">
        <include refid="selectRecNotesConVo"/>
        where notes_id = #{notesId}
    </select>
        
    <insert id="insertRecNotesCon" parameterType="RecNotesCon" useGeneratedKeys="true" keyProperty="notesId">
        insert into rec_notes_con
        <trim prefix="(" suffix=")" suffixOverrides=",">
            <if test="createBy != null">create_by,</if>
            <if test="createTime != null">create_time,</if>
            <if test="updateBy != null">update_by,</if>
            <if test="updateTime != null">update_time,</if>
            <if test="deptId != null">dept_id,</if>
         </trim>
        <trim prefix="values (" suffix=")" suffixOverrides=",">
            <if test="createBy != null">#{createBy},</if>
            <if test="createTime != null">#{createTime},</if>
            <if test="updateBy != null">#{updateBy},</if>
            <if test="updateTime != null">#{updateTime},</if>
            <if test="deptId != null">#{deptId},</if>
         </trim>
    </insert>

    <update id="updateRecNotesCon" parameterType="RecNotesCon">
        update rec_notes_con
        <trim prefix="SET" suffixOverrides=",">
            <if test="createBy != null">create_by = #{createBy},</if>
            <if test="createTime != null">create_time = #{createTime},</if>
            <if test="updateBy != null">update_by = #{updateBy},</if>
            <if test="updateTime != null">update_time = #{updateTime},</if>
            <if test="deptId != null">dept_id = #{deptId},</if>
        </trim>
        where notes_id = #{notesId}
    </update>

    <delete id="deleteRecNotesConByNotesId" parameterType="Long">
        delete from rec_notes_con where notes_id = #{notesId}
    </delete>

    <delete id="deleteRecNotesConByNotesIds" parameterType="String">
        delete from rec_notes_con where notes_id in 
        <foreach item="notesId" collection="array" open="(" separator="," close=")">
            #{notesId}
        </foreach>
    </delete>

</mapper>