<?xml version="1.0" encoding="UTF-8" ?>
<!DOCTYPE mapper
PUBLIC "-//mybatis.org//DTD Mapper 3.0//EN"
"http://mybatis.org/dtd/mybatis-3-mapper.dtd">
<mapper namespace="com.ruoyi.system.mapper.TeamMapper">
    
    <resultMap type="Team" id="TeamResult">
        <result property="memId"    column="mem_id"    />
        <result property="name"    column="name"    />
        <result property="pos"    column="pos"    />
        <result property="win"    column="win"    />
        <result property="loss"    column="loss"    />
    </resultMap>

    <sql id="selectTeamVo">
        select mem_id, name, pos, win, loss from team
    </sql>

    <select id="selectTeamList" parameterType="Team" resultMap="TeamResult">
        <include refid="selectTeamVo"/>
        <where>  
            <if test="name != null  and name != ''"> and name like concat('%', #{name}, '%')</if>
            <if test="pos != null  and pos != ''"> and pos = #{pos}</if>
            <if test="win != null "> and win = #{win}</if>
            <if test="loss != null "> and loss = #{loss}</if>
        </where>
    </select>
    
    <select id="selectTeamByMemId" parameterType="Long" resultMap="TeamResult">
        <include refid="selectTeamVo"/>
        where mem_id = #{memId}
    </select>
        
    <insert id="insertTeam" parameterType="Team">
        insert into team
        <trim prefix="(" suffix=")" suffixOverrides=",">
            <if test="memId != null">mem_id,</if>
            <if test="name != null">name,</if>
            <if test="pos != null">pos,</if>
            <if test="win != null">win,</if>
            <if test="loss != null">loss,</if>
         </trim>
        <trim prefix="values (" suffix=")" suffixOverrides=",">
            <if test="memId != null">#{memId},</if>
            <if test="name != null">#{name},</if>
            <if test="pos != null">#{pos},</if>
            <if test="win != null">#{win},</if>
            <if test="loss != null">#{loss},</if>
         </trim>
    </insert>

    <update id="updateTeam" parameterType="Team">
        update team
        <trim prefix="SET" suffixOverrides=",">
            <if test="name != null">name = #{name},</if>
            <if test="pos != null">pos = #{pos},</if>
            <if test="win != null">win = #{win},</if>
            <if test="loss != null">loss = #{loss},</if>
        </trim>
        where mem_id = #{memId}
    </update>

    <delete id="deleteTeamByMemId" parameterType="Long">
        delete from team where mem_id = #{memId}
    </delete>

    <delete id="deleteTeamByMemIds" parameterType="String">
        delete from team where mem_id in 
        <foreach item="memId" collection="array" open="(" separator="," close=")">
            #{memId}
        </foreach>
    </delete>

</mapper>